{
	"c": "Bunny",
	"p": {
		"name": "bunny-double",
		"x": 329,
		"y": 413,
		"rotation": -0.6060000000000001,
		"pivot.y": 30,
		"xSpeed": -3
	},
	":": [
		{
			"c": "DSprite",
			"p": {
				"x": -21,
				"y": 40,
				"rotation": 1.0690000000000002
			}
		}
	]
}